lgd_district_code,district_name,lgd_state_code,object_id,census_2011_code,wikidata_uri,valid_from,valid_to,notes
1,Anantnag,1,1-1,,http://www.wikidata.org/entity/Q2982349,,,
2,Budgam,1,1-2,,http://www.wikidata.org/entity/Q2594218,,,
3,Baramulla,1,1-3,,http://www.wikidata.org/entity/Q1912057,,,
4,Doda,1,1-4,,http://www.wikidata.org/entity/Q2298979,,,
5,Jammu,1,1-5,,http://www.wikidata.org/entity/Q1947371,,,
7,Kathua,1,1-7,,http://www.wikidata.org/entity/Q2375700,,,
8,Kupwara,1,1-8,,http://www.wikidata.org/entity/Q2297306,,,
10,Poonch,1,1-10,,http://www.wikidata.org/entity/Q2983134,,,
11,Pulwama,1,1-11,,http://www.wikidata.org/entity/Q2085364,,,
12,Rajouri,1,1-12,,http://www.wikidata.org/entity/Q544279,,,
13,Srinagar,1,1-13,,http://www.wikidata.org/entity/Q1506029,,,
14,Udhampur,1,1-14,,http://www.wikidata.org/entity/Q1947311,,,
620,Kishtwar,1,1-620,,http://www.wikidata.org/entity/Q2321899,,,
621,Ramban,1,1-621,,http://www.wikidata.org/entity/Q2321939,,,
622,Kulgam,1,1-622,,http://www.wikidata.org/entity/Q2321867,,,
623,Bandipore,1,1-623,,http://www.wikidata.org/entity/Q2983553,,,
624,Samba,1,1-624,,http://www.wikidata.org/entity/Q1117086,,,
625,Shopian,1,1-625,,http://www.wikidata.org/entity/Q2073646,,,
626,Ganderbal,1,1-626,,http://www.wikidata.org/entity/Q2556028,,,
627,Reasi,1,1-627,,http://www.wikidata.org/entity/Q2321956,,,
188,Araria,10,10-188,,http://www.wikidata.org/entity/Q42901,,,
189,Aurangabad,10,10-189,,http://www.wikidata.org/entity/Q43086,,,
190,Banka,10,10-190,,http://www.wikidata.org/entity/Q43097,,,
191,Begusarai,10,10-191,,http://www.wikidata.org/entity/Q49157,,,
192,Bhagalpur,10,10-192,,http://www.wikidata.org/entity/Q49155,,,
193,Bhojpur,10,10-193,,http://www.wikidata.org/entity/Q49153,,,
194,Buxar,10,10-194,,http://www.wikidata.org/entity/Q49161,,,
195,Darbhanga,10,10-195,,http://www.wikidata.org/entity/Q49160,,,
196,Gaya,10,10-196,,http://www.wikidata.org/entity/Q49173,,,
197,Gopalganj,10,10-197,,http://www.wikidata.org/entity/Q49171,,,
198,Jamui,10,10-198,,http://www.wikidata.org/entity/Q49168,,,
199,Jehanabad,10,10-199,,http://www.wikidata.org/entity/Q49176,,,
200,Kaimur,10,10-200,,http://www.wikidata.org/entity/Q77367,,,
201,Katihar,10,10-201,,http://www.wikidata.org/entity/Q77568,,,
202,Khagaria,10,10-202,,http://www.wikidata.org/entity/Q49175,,,
203,Kishanganj,10,10-203,,http://www.wikidata.org/entity/Q77375,,,
204,Lakhisarai,10,10-204,,http://www.wikidata.org/entity/Q77505,,,
205,Madhepura,10,10-205,,http://www.wikidata.org/entity/Q77746,,,
206,Madhubani,10,10-206,,http://www.wikidata.org/entity/Q77474,,,
207,Munger,10,10-207,,http://www.wikidata.org/entity/Q77452,,,
208,Muzaffarpur,10,10-208,,http://www.wikidata.org/entity/Q77731,,,
209,Nalanda,10,10-209,,http://www.wikidata.org/entity/Q77633,,,
210,Nawada,10,10-210,,http://www.wikidata.org/entity/Q100067,,,
211,West Champaran,10,10-211,,http://www.wikidata.org/entity/Q100124,,,
212,Patna,10,10-212,,http://www.wikidata.org/entity/Q100077,,,
213,East Champaran,10,10-213,,http://www.wikidata.org/entity/Q49159,,,
214,Purnia,10,10-214,,http://www.wikidata.org/entity/Q100082,,,
215,Rohtas,10,10-215,,http://www.wikidata.org/entity/Q100085,,,
216,Saharsa,10,10-216,,http://www.wikidata.org/entity/Q100120,,,
217,Samastipur,10,10-217,,http://www.wikidata.org/entity/Q100117,,,
218,Saran,10,10-218,,http://www.wikidata.org/entity/Q100146,,,
219,Sheikhpura,10,10-219,,http://www.wikidata.org/entity/Q100093,,,
220,Sheohar,10,10-220,,http://www.wikidata.org/entity/Q100095,,,
221,Sitamarhi,10,10-221,,http://www.wikidata.org/entity/Q100144,,,
222,Siwan,10,10-222,,http://www.wikidata.org/entity/Q100131,,,
223,Supaul,10,10-223,,http://www.wikidata.org/entity/Q100139,,,
224,Vaishali,10,10-224,,http://www.wikidata.org/entity/Q100130,,,
611,Arwal,10,10-611,,http://www.wikidata.org/entity/Q42917,,,
225,Gangtok,11,11-225,,http://www.wikidata.org/entity/Q113956160,,,
226,Mangan,11,11-226,,http://www.wikidata.org/entity/Q1784149,,,
227,Namchi,11,11-227,,http://www.wikidata.org/entity/Q1805051,,,
228,Gyalshing,11,11-228,,http://www.wikidata.org/entity/Q611357,,,
741,Pakyong,11,11-741,,http://www.wikidata.org/entity/Q108803704,,,
742,Soreng,11,11-742,,http://www.wikidata.org/entity/Q112939132,,,
229,Changlang,12,12-229,,http://www.wikidata.org/entity/Q15427,,,
230,Dibang Valley,12,12-230,,http://www.wikidata.org/entity/Q15446,,,
231,East Kameng,12,12-231,,http://www.wikidata.org/entity/Q15424,,,
232,East Siang,12,12-232,,http://www.wikidata.org/entity/Q15419,,,
233,Kurung Kumey,12,12-233,,http://www.wikidata.org/entity/Q2449506,,,
234,Lohit,12,12-234,,http://www.wikidata.org/entity/Q15438,,,
235,Lower Dibang Valley,12,12-235,,http://www.wikidata.org/entity/Q2373368,,,
236,Lower Subansiri,12,12-236,,http://www.wikidata.org/entity/Q15436,,,
237,Papum Pare,12,12-237,,http://www.wikidata.org/entity/Q15432,,,
238,Tawang,12,12-238,,http://www.wikidata.org/entity/Q15449,,,
239,Tirap,12,12-239,,http://www.wikidata.org/entity/Q15448,,,
240,Upper Siang,12,12-240,,http://www.wikidata.org/entity/Q15465,,,
241,Upper Subansiri,12,12-241,,http://www.wikidata.org/entity/Q15464,,,
242,West Kameng,12,12-242,,http://www.wikidata.org/entity/Q15459,,,
243,West Siang,12,12-243,,http://www.wikidata.org/entity/Q15453,,,
628,Anjaw,12,12-628,,http://www.wikidata.org/entity/Q15413,,,
666,Longding,12,12-666,,http://www.wikidata.org/entity/Q5627568,,,
677,Kra Daadi,12,12-677,,http://www.wikidata.org/entity/Q21018627,,,
678,Namsai,12,12-678,,http://www.wikidata.org/entity/Q21559824,,,
679,Siang,12,12-679,,http://www.wikidata.org/entity/Q18642331,,,
718,Kamle,12,12-718,,http://www.wikidata.org/entity/Q48731073,,,
719,Lower Siang,12,12-719,,http://www.wikidata.org/entity/Q13602925,,,
723,Pakke-Kessang,12,12-723,,http://www.wikidata.org/entity/Q61439260,,,
724,Lepa Rada,12,12-724,,http://www.wikidata.org/entity/Q63563632,,,
725,Shi Yomi,12,12-725,,http://www.wikidata.org/entity/Q63563625,,,
786,Keyi Panyor,12,12-786,,http://www.wikidata.org/entity/Q124818540,,,
787,Bichom,12,12-787,,http://www.wikidata.org/entity/Q124811465,,,
244,Dimapur,13,13-244,,http://www.wikidata.org/entity/Q634262,,,
245,Kohima,13,13-245,,http://www.wikidata.org/entity/Q953530,,,
246,Mokokchung,13,13-246,,http://www.wikidata.org/entity/Q2175311,,,
247,Mon,13,13-247,,http://www.wikidata.org/entity/Q2339648,,,
248,Phek,13,13-248,,http://www.wikidata.org/entity/Q590882,,,
249,Tuensang,13,13-249,,http://www.wikidata.org/entity/Q2571393,,,
250,Wokha,13,13-250,,http://www.wikidata.org/entity/Q681821,,,
251,Zunheboto,13,13-251,,http://www.wikidata.org/entity/Q2091461,,,
613,Peren,13,13-613,,http://www.wikidata.org/entity/Q516294,,,
614,Kiphire,13,13-614,,http://www.wikidata.org/entity/Q2597908,,,
615,Longleng,13,13-615,,http://www.wikidata.org/entity/Q1426783,,,
736,Noklak,13,13-736,,http://www.wikidata.org/entity/Q48731903,,,
757,Tseminyü,13,13-757,,http://www.wikidata.org/entity/Q110223836,,,
758,Chümoukedima,13,13-758,,http://www.wikidata.org/entity/Q110223837,,,
764,Niuland,13,13-764,,http://www.wikidata.org/entity/Q110223839,,,
765,Shamator,13,13-765,,http://www.wikidata.org/entity/Q111529435,,,
788,Meluri,13,13-788,,http://www.wikidata.org/entity/Q131191793,,,
252,Bishnupur,14,14-252,,http://www.wikidata.org/entity/Q938190,,,
253,Chandel,14,14-253,,http://www.wikidata.org/entity/Q2301769,,,
254,Churachandpur,14,14-254,,http://www.wikidata.org/entity/Q2577281,,,
255,Imphal East,14,14-255,,http://www.wikidata.org/entity/Q1916666,,,
256,Imphal West,14,14-256,,http://www.wikidata.org/entity/Q1822188,,,
257,Senapati,14,14-257,,http://www.wikidata.org/entity/Q2301706,,,
258,Tamenglong,14,14-258,,http://www.wikidata.org/entity/Q2301717,,,
259,Thoubal,14,14-259,,http://www.wikidata.org/entity/Q2086198,,,
260,Ukhrul,14,14-260,,http://www.wikidata.org/entity/Q735101,,,
711,Kakching,14,14-711,,http://www.wikidata.org/entity/Q28173825,,,
712,Kangpokpi,14,14-712,,http://www.wikidata.org/entity/Q28419386,,,
713,Jiribam,14,14-713,,http://www.wikidata.org/entity/Q28419387,,,
714,Noney,14,14-714,,http://www.wikidata.org/entity/Q28419389,,,
715,Pherzawl,14,14-715,,http://www.wikidata.org/entity/Q28173809,,,
716,Tengnoupal,14,14-716,,http://www.wikidata.org/entity/Q28419388,,,
717,Kamjong,14,14-717,,http://www.wikidata.org/entity/Q28419390,,,
261,Aizawl,15,15-261,,http://www.wikidata.org/entity/Q1947322,,,
262,Champhai,15,15-262,,http://www.wikidata.org/entity/Q1965256,,,
263,Kolasib,15,15-263,,http://www.wikidata.org/entity/Q1947343,,,
264,Lawngtlai,15,15-264,,http://www.wikidata.org/entity/Q2086209,,,
265,Lunglei,15,15-265,,http://www.wikidata.org/entity/Q1947352,,,
266,Mamit,15,15-266,,http://www.wikidata.org/entity/Q751531,,,
267,Saiha,15,15-267,,http://www.wikidata.org/entity/Q1821714,,,
268,Serchhip,15,15-268,,http://www.wikidata.org/entity/Q2086190,,,
726,Hnahthial,15,15-726,,http://www.wikidata.org/entity/Q86882590,,,
727,Saitual,15,15-727,,http://www.wikidata.org/entity/Q86882593,,,
728,Khawzawl,15,15-728,,http://www.wikidata.org/entity/Q86882591,,,
269,Dhalai,16,16-269,,http://www.wikidata.org/entity/Q2086546,,,
270,North Tripura,16,16-270,,http://www.wikidata.org/entity/Q1920978,,,
271,South Tripura,16,16-271,,http://www.wikidata.org/entity/Q1822159,,,
272,West Tripura,16,16-272,,http://www.wikidata.org/entity/Q1947570,,,
652,Khowai,16,16-652,,http://www.wikidata.org/entity/Q16086680,,,
653,Sepahijala,16,16-653,,http://www.wikidata.org/entity/Q16086076,,,
654,Gomati,16,16-654,,http://www.wikidata.org/entity/Q16086497,,,
655,Unakoti,16,16-655,,http://www.wikidata.org/entity/Q16087996,,,
273,East Garo Hills,17,17-273,,http://www.wikidata.org/entity/Q2085455,,,
274,East Khasi Hills,17,17-274,,http://www.wikidata.org/entity/Q1945304,,,
275,West Jaintia Hills,17,17-275,,http://www.wikidata.org/entity/Q13181190,,,
276,Ri-Bhoi,17,17-276,,http://www.wikidata.org/entity/Q1884672,,,
277,South Garo Hills,17,17-277,,http://www.wikidata.org/entity/Q2329228,,,
278,West Garo Hills,17,17-278,,http://www.wikidata.org/entity/Q2329181,,,
279,West Khasi Hills,17,17-279,,http://www.wikidata.org/entity/Q2064752,,,
656,North Garo Hills,17,17-656,,http://www.wikidata.org/entity/Q7055466,,,
657,East Jaintia Hills,17,17-657,,http://www.wikidata.org/entity/Q15923776,,,
658,South West Khasi Hills,17,17-658,,http://www.wikidata.org/entity/Q15923741,,,
663,South West Garo Hills,17,17-663,,http://www.wikidata.org/entity/Q15961576,,,
740,Eastern West Khasi Hills,17,17-740,,http://www.wikidata.org/entity/Q110442602,,,
280,Barpeta,18,18-280,,http://www.wikidata.org/entity/Q41249,,,
281,Bongaigaon,18,18-281,,http://www.wikidata.org/entity/Q42197,,,
282,Cachar,18,18-282,,http://www.wikidata.org/entity/Q42209,,,
283,Darrang,18,18-283,,http://www.wikidata.org/entity/Q42461,,,
284,Dhemaji,18,18-284,,http://www.wikidata.org/entity/Q42473,,,
285,Dhubri,18,18-285,,http://www.wikidata.org/entity/Q42485,,,
286,Dibrugarh,18,18-286,,http://www.wikidata.org/entity/Q42479,,,
287,Goalpara,18,18-287,,http://www.wikidata.org/entity/Q42522,,,
288,Golaghat,18,18-288,,http://www.wikidata.org/entity/Q42517,,,
289,Hailakandi,18,18-289,,http://www.wikidata.org/entity/Q42505,,,
290,Jorhat,18,18-290,,http://www.wikidata.org/entity/Q42611,,,
291,Kamrup,18,18-291,,http://www.wikidata.org/entity/Q2247441,,,
292,Karbi Anglong,18,18-292,,http://www.wikidata.org/entity/Q29025081,,,
293,Sribhumi,18,18-293,,http://www.wikidata.org/entity/Q42542,,,
294,Kokrajhar,18,18-294,,http://www.wikidata.org/entity/Q42618,,,
295,Lakhimpur,18,18-295,,http://www.wikidata.org/entity/Q42743,,,
296,Morigaon,18,18-296,,http://www.wikidata.org/entity/Q42737,,,
297,,18,18-297,,http://www.wikidata.org/entity/Q42686,,,
298,Nalbari,18,18-298,,http://www.wikidata.org/entity/Q42779,,,
299,Dima Hasao,18,18-299,,http://www.wikidata.org/entity/Q42774,,,
300,Sivasagar,18,18-300,,http://www.wikidata.org/entity/Q42768,,,
301,Sonitpur,18,18-301,,http://www.wikidata.org/entity/Q42765,,,
302,Tinsukia,18,18-302,,http://www.wikidata.org/entity/Q42756,,,
612,Chirang,18,18-612,,http://www.wikidata.org/entity/Q2574898,,,
616,Baksa,18,18-616,,http://www.wikidata.org/entity/Q2360266,,,
617,Udalguri,18,18-617,,http://www.wikidata.org/entity/Q321998,,,
618,Kamrup Metropolitan,18,18-618,,http://www.wikidata.org/entity/Q2464674,,,
705,Bishwanath,18,18-705,,http://www.wikidata.org/entity/Q22079836,,,
706,Majuli,18,18-706,,http://www.wikidata.org/entity/Q28110729,,,
707,South Salmara-Mankachar,18,18-707,,http://www.wikidata.org/entity/Q24907599,,,
708,Charaideo,18,18-708,,http://www.wikidata.org/entity/Q24039029,,,
709,Hojai,18,18-709,,http://www.wikidata.org/entity/Q24699407,,,
710,West Karbi Anglong,18,18-710,,http://www.wikidata.org/entity/Q24949218,,,
739,Bajali,18,18-739,,http://www.wikidata.org/entity/Q101088203,,,
756,Tamulpur,18,18-756,,http://www.wikidata.org/entity/Q110661970,,,
303,North 24 Parganas,19,19-303,,http://www.wikidata.org/entity/Q338425,,,
304,South 24 Parganas,19,19-304,,http://www.wikidata.org/entity/Q2308319,,,
305,Bankura,19,19-305,,http://www.wikidata.org/entity/Q2088458,,,
306,Purba Bardhaman,19,19-306,,http://www.wikidata.org/entity/Q29257278,,,
307,Birbhum,19,19-307,,http://www.wikidata.org/entity/Q2088440,,,
308,Cooch Behar,19,19-308,,http://www.wikidata.org/entity/Q2728658,,,
309,Darjeeling,19,19-309,,http://www.wikidata.org/entity/Q1134759,,,
310,Dakshin Dinajpur,19,19-310,,http://www.wikidata.org/entity/Q533839,,,
311,Uttar Dinajpur,19,19-311,,http://www.wikidata.org/entity/Q2019766,,,
312,Hooghly,19,19-312,,http://www.wikidata.org/entity/Q548518,,,
313,Howrah,19,19-313,,http://www.wikidata.org/entity/Q1478937,,,
314,Jalpaiguri,19,19-314,,http://www.wikidata.org/entity/Q1351487,,,
315,Kolkata,19,19-315,,http://www.wikidata.org/entity/Q2088496,,,
316,Malda,19,19-316,,http://www.wikidata.org/entity/Q2049820,,,
317,Purba Medinipur,19,19-317,,http://www.wikidata.org/entity/Q1431920,,,
318,Paschim Medinipur,19,19-318,,http://www.wikidata.org/entity/Q1855537,,,
319,Murshidabad,19,19-319,,http://www.wikidata.org/entity/Q1546240,,,
320,Nadia,19,19-320,,http://www.wikidata.org/entity/Q1143880,,,
321,Purulia,19,19-321,,http://www.wikidata.org/entity/Q307474,,,
664,Alipurduar,19,19-664,,http://www.wikidata.org/entity/Q4726845,,,
702,Kalimpong,19,19-702,,http://www.wikidata.org/entity/Q28769140,,,
703,Jhargram,19,19-703,,http://www.wikidata.org/entity/Q29168456,,,
704,Paschim Bardhaman,19,19-704,,http://www.wikidata.org/entity/Q29215602,,,
15,Bilaspur,2,2-15,,http://www.wikidata.org/entity/Q1478939,,,
16,Chamba,2,2-16,,http://www.wikidata.org/entity/Q1060614,,,
17,Hamirpur,2,2-17,,http://www.wikidata.org/entity/Q2086180,,,
18,Kangra,2,2-18,,http://www.wikidata.org/entity/Q727232,,,
19,Kinnaur,2,2-19,,http://www.wikidata.org/entity/Q1862950,,,
20,Kullu,2,2-20,,http://www.wikidata.org/entity/Q2980880,,,
21,Lahaul and Spiti,2,2-21,,http://www.wikidata.org/entity/Q837595,,,
22,Mandi,2,2-22,,http://www.wikidata.org/entity/Q1892161,,,
23,Shimla,2,2-23,,http://www.wikidata.org/entity/Q1921404,,,
24,Sirmaur,2,2-24,,http://www.wikidata.org/entity/Q654331,,,
25,Solan,2,2-25,,http://www.wikidata.org/entity/Q2980937,,,
26,Una,2,2-26,,http://www.wikidata.org/entity/Q2301741,,,
322,Bokaro,20,20-322,,http://www.wikidata.org/entity/Q2295925,,,
323,Chatra,20,20-323,,http://www.wikidata.org/entity/Q1979499,,,
324,Deoghar,20,20-324,,http://www.wikidata.org/entity/Q2030017,,,
325,Dhanbad,20,20-325,,http://www.wikidata.org/entity/Q2240791,,,
326,Dumka,20,20-326,,http://www.wikidata.org/entity/Q2577657,,,
327,East Singhbhum,20,20-327,,http://www.wikidata.org/entity/Q2452921,,,
328,Garhwa,20,20-328,,http://www.wikidata.org/entity/Q2302076,,,
329,Giridih,20,20-329,,http://www.wikidata.org/entity/Q2302065,,,
330,Godda,20,20-330,,http://www.wikidata.org/entity/Q638980,,,
331,Gumla,20,20-331,,http://www.wikidata.org/entity/Q2295865,,,
332,Hazaribagh,20,20-332,,http://www.wikidata.org/entity/Q1945416,,,
333,Jamtara,20,20-333,,http://www.wikidata.org/entity/Q2980986,,,
334,Koderma,20,20-334,,http://www.wikidata.org/entity/Q2085480,,,
335,Latehar,20,20-335,,http://www.wikidata.org/entity/Q2244762,,,
336,Lohardaga,20,20-336,,http://www.wikidata.org/entity/Q1948301,,,
337,Pakur,20,20-337,,http://www.wikidata.org/entity/Q2295930,,,
338,Palamu,20,20-338,,http://www.wikidata.org/entity/Q1797254,,,
339,Ranchi,20,20-339,,http://www.wikidata.org/entity/Q1947380,,,
340,Sahebganj,20,20-340,,http://www.wikidata.org/entity/Q767878,,,
341,Seraikela Kharsawan,20,20-341,,http://www.wikidata.org/entity/Q2362658,,,
342,Simdega,20,20-342,,http://www.wikidata.org/entity/Q2597889,,,
343,West Singhbhum,20,20-343,,http://www.wikidata.org/entity/Q1950527,,,
606,Khunti,20,20-606,,http://www.wikidata.org/entity/Q367344,,,
607,Ramgarh,20,20-607,,http://www.wikidata.org/entity/Q2663612,,,
344,Angul,21,21-344,,http://www.wikidata.org/entity/Q1772807,,,
345,Balangir,21,21-345,,http://www.wikidata.org/entity/Q804642,,,
346,Balasore,21,21-346,,http://www.wikidata.org/entity/Q2022279,,,
347,Bargarh,21,21-347,,http://www.wikidata.org/entity/Q808140,,,
348,Bhadrak,21,21-348,,http://www.wikidata.org/entity/Q685638,,,
349,Boudh,21,21-349,,http://www.wikidata.org/entity/Q2363639,,,
350,Cuttack,21,21-350,,http://www.wikidata.org/entity/Q2022256,,,
351,Debagarh,21,21-351,,http://www.wikidata.org/entity/Q2269639,,,
352,Dhenkanal,21,21-352,,http://www.wikidata.org/entity/Q1948389,,,
353,Gajapati,21,21-353,,http://www.wikidata.org/entity/Q1947292,,,
354,Ganjam,21,21-354,,http://www.wikidata.org/entity/Q776213,,,
355,Jagatsinghpur,21,21-355,,http://www.wikidata.org/entity/Q971581,,,
356,Jajpur,21,21-356,,http://www.wikidata.org/entity/Q2087771,,,
357,Jharsuguda,21,21-357,,http://www.wikidata.org/entity/Q569181,,,
358,Kalahandi,21,21-358,,http://www.wikidata.org/entity/Q1876588,,,
359,Kandhamal,21,21-359,,http://www.wikidata.org/entity/Q2085500,,,
360,Kendrapara,21,21-360,,http://www.wikidata.org/entity/Q2299172,,,
361,Kendujhar,21,21-361,,http://www.wikidata.org/entity/Q2085428,,,
362,Khordha,21,21-362,,http://www.wikidata.org/entity/Q662818,,,
363,Koraput,21,21-363,,http://www.wikidata.org/entity/Q1947300,,,
364,Malkangiri,21,21-364,,http://www.wikidata.org/entity/Q5122619,,,
365,Mayurbhanj,21,21-365,,http://www.wikidata.org/entity/Q1914546,,,
366,Nabarangpur,21,21-366,,http://www.wikidata.org/entity/Q2396798,,,
367,Nayagarh,21,21-367,,http://www.wikidata.org/entity/Q2367388,,,
368,Nuapada,21,21-368,,http://www.wikidata.org/entity/Q1810550,,,
369,Puri,21,21-369,,http://www.wikidata.org/entity/Q1817158,,,
370,Rayagada,21,21-370,,http://www.wikidata.org/entity/Q2577997,,,
371,Sambalpur,21,21-371,,http://www.wikidata.org/entity/Q1267306,,,
372,Subarnapur,21,21-372,,http://www.wikidata.org/entity/Q1473957,,,
373,Sundargarh,21,21-373,,http://www.wikidata.org/entity/Q2296047,,,
374,Bastar,22,22-374,,http://www.wikidata.org/entity/Q100152,,,
375,Bilaspur,22,22-375,,http://www.wikidata.org/entity/Q100157,,,
376,Dantewada,22,22-376,,http://www.wikidata.org/entity/Q100211,,,
377,Dhamtari,22,22-377,,http://www.wikidata.org/entity/Q100190,,,
378,Durg,22,22-378,,http://www.wikidata.org/entity/Q100182,,,
379,Janjgir–Champa,22,22-379,,http://www.wikidata.org/entity/Q2575633,,,
380,Jashpur,22,22-380,,http://www.wikidata.org/entity/Q2577551,,,
381,Kanker,22,22-381,,http://www.wikidata.org/entity/Q2310530,,,
382,Kabirdham,22,22-382,,http://www.wikidata.org/entity/Q2450255,,,
383,Korba,22,22-383,,http://www.wikidata.org/entity/Q2299121,,,
384,Koriya,22,22-384,,http://www.wikidata.org/entity/Q2295896,,,
385,Mahasamund,22,22-385,,http://www.wikidata.org/entity/Q2450240,,,
386,Raigarh,22,22-386,,http://www.wikidata.org/entity/Q2286310,,,
387,Raipur,22,22-387,,http://www.wikidata.org/entity/Q2295914,,,
388,Rajnandgaon,22,22-388,,http://www.wikidata.org/entity/Q2341800,,,
389,Surguja,22,22-389,,http://www.wikidata.org/entity/Q1805075,,,
636,Bijapur,22,22-636,,http://www.wikidata.org/entity/Q100164,,,
637,Narayanpur,22,22-637,,http://www.wikidata.org/entity/Q2322000,,,
642,Sukma,22,22-642,,http://www.wikidata.org/entity/Q16933590,,,
643,Kondagaon,22,22-643,,http://www.wikidata.org/entity/Q12420995,,,
644,Baloda Bazar,22,22-644,,http://www.wikidata.org/entity/Q15663455,,,
645,Gariaband,22,22-645,,http://www.wikidata.org/entity/Q16961365,,,
646,Balod,22,22-646,,http://www.wikidata.org/entity/Q16056266,,,
647,Mungeli,22,22-647,,http://www.wikidata.org/entity/Q13476249,,,
648,Surajpur,22,22-648,,http://www.wikidata.org/entity/Q16938031,,,
649,Balrampur–Ramanujganj,22,22-649,,http://www.wikidata.org/entity/Q16056268,,,
650,Bemetara,22,22-650,,http://www.wikidata.org/entity/Q16254159,,,
734,Gaurela-Pendra-Marwahi,22,22-734,,http://www.wikidata.org/entity/Q96584972,,,
759,Khairagarh-Chhuikhadan-Gandai,22,22-759,,http://www.wikidata.org/entity/Q113485010,,,
760,Manendragarh-Chirmiri-Bharatpur,22,22-760,,http://www.wikidata.org/entity/Q108427451,,,
761,Mohla-Manpur-Ambagarh Chowki,22,22-761,,http://www.wikidata.org/entity/Q108569901,,,
762,Sakti,22,22-762,,http://www.wikidata.org/entity/Q108569905,,,
763,Sarangarh-Bilaigarh,22,22-763,,http://www.wikidata.org/entity/Q108569900,,,
390,Anuppur,23,23-390,,http://www.wikidata.org/entity/Q2299093,,,
391,Ashoknagar,23,23-391,,http://www.wikidata.org/entity/Q2246416,,,
392,Balaghat,23,23-392,,http://www.wikidata.org/entity/Q641904,,,
393,Barwani,23,23-393,,http://www.wikidata.org/entity/Q2126754,,,
394,Betul,23,23-394,,http://www.wikidata.org/entity/Q1815279,,,
395,Bhind,23,23-395,,http://www.wikidata.org/entity/Q2341700,,,
396,Bhopal,23,23-396,,http://www.wikidata.org/entity/Q1797245,,,
397,Burhanpur,23,23-397,,http://www.wikidata.org/entity/Q2125592,,,
398,Chhatarpur,23,23-398,,http://www.wikidata.org/entity/Q2449785,,,
399,Chhindwara,23,23-399,,http://www.wikidata.org/entity/Q1986096,,,
400,Damoh,23,23-400,,http://www.wikidata.org/entity/Q2479331,,,
401,Datia,23,23-401,,http://www.wikidata.org/entity/Q2206266,,,
402,Dewas,23,23-402,,http://www.wikidata.org/entity/Q2025998,,,
403,Dhar,23,23-403,,http://www.wikidata.org/entity/Q2299069,,,
404,Dindori,23,23-404,,http://www.wikidata.org/entity/Q2398551,,,
405,Khandwa,23,23-405,,http://www.wikidata.org/entity/Q2085436,,,
406,Guna,23,23-406,,http://www.wikidata.org/entity/Q930027,,,
407,Gwalior,23,23-407,,http://www.wikidata.org/entity/Q2085310,,,
408,Harda,23,23-408,,http://www.wikidata.org/entity/Q2173003,,,
409,Narmadapuram,23,23-409,,http://www.wikidata.org/entity/Q620801,,,
410,Indore,23,23-410,,http://www.wikidata.org/entity/Q742938,,,
411,Jabalpur,23,23-411,,http://www.wikidata.org/entity/Q632093,,,
412,Jhabua,23,23-412,,http://www.wikidata.org/entity/Q2085336,,,
413,Katni,23,23-413,,http://www.wikidata.org/entity/Q746441,,,
414,Khargone,23,23-414,,http://www.wikidata.org/entity/Q2273900,,,
415,Mandla,23,23-415,,http://www.wikidata.org/entity/Q2341670,,,
416,Mandsaur,23,23-416,,http://www.wikidata.org/entity/Q1870014,,,
417,Morena,23,23-417,,http://www.wikidata.org/entity/Q2341467,,,
418,Narsinghpur,23,23-418,,http://www.wikidata.org/entity/Q2341616,,,
419,Neemuch,23,23-419,,http://www.wikidata.org/entity/Q2341713,,,
420,Panna,23,23-420,,http://www.wikidata.org/entity/Q2341630,,,
421,Raisen,23,23-421,,http://www.wikidata.org/entity/Q1815223,,,
422,Rajgarh,23,23-422,,http://www.wikidata.org/entity/Q1833306,,,
423,Ratlam,23,23-423,,http://www.wikidata.org/entity/Q2299164,,,
424,Rewa,23,23-424,,http://www.wikidata.org/entity/Q526862,,,
425,Sagar,23,23-425,,http://www.wikidata.org/entity/Q2085421,,,
426,Satna,23,23-426,,http://www.wikidata.org/entity/Q2577924,,,
427,Sehore,23,23-427,,http://www.wikidata.org/entity/Q2299029,,,
428,Seoni,23,23-428,,http://www.wikidata.org/entity/Q2221184,,,
429,Shahdol,23,23-429,,http://www.wikidata.org/entity/Q2085464,,,
430,Shajapur,23,23-430,,http://www.wikidata.org/entity/Q2449803,,,
431,Sheopur,23,23-431,,http://www.wikidata.org/entity/Q620105,,,
432,Shivpuri,23,23-432,,http://www.wikidata.org/entity/Q2299042,,,
433,Sidhi,23,23-433,,http://www.wikidata.org/entity/Q2449793,,,
434,Tikamgarh,23,23-434,,http://www.wikidata.org/entity/Q2449760,,,
435,Ujjain,23,23-435,,http://www.wikidata.org/entity/Q892641,,,
436,Umaria,23,23-436,,http://www.wikidata.org/entity/Q620297,,,
437,Vidisha,23,23-437,,http://www.wikidata.org/entity/Q1815253,,,
638,Singrauli,23,23-638,,http://www.wikidata.org/entity/Q2668638,,,
639,Alirajpur,23,23-639,,http://www.wikidata.org/entity/Q2667586,,,
667,Agar Malwa,23,23-667,,http://www.wikidata.org/entity/Q15732396,,,
722,Niwari,23,23-722,,http://www.wikidata.org/entity/Q63563797,,,
766,Mauganj,23,23-766,,http://www.wikidata.org/entity/Q122417864,,,
784,Maihar,23,23-784,,http://www.wikidata.org/entity/Q111675213,,,
785,Pandhurna,23,23-785,,http://www.wikidata.org/entity/Q123286184,,,
438,Ahmedabad,24,24-438,,http://www.wikidata.org/entity/Q401686,,,
439,Amreli,24,24-439,,http://www.wikidata.org/entity/Q257946,,,
440,Anand,24,24-440,,http://www.wikidata.org/entity/Q485683,,,
441,Banaskantha,24,24-441,,http://www.wikidata.org/entity/Q806125,,,
442,Bharuch,24,24-442,,http://www.wikidata.org/entity/Q854900,,,
443,Bhavnagar,24,24-443,,http://www.wikidata.org/entity/Q854963,,,
444,Dang,24,24-444,,http://www.wikidata.org/entity/Q1135616,,,
445,Dahod,24,24-445,,http://www.wikidata.org/entity/Q186518,,,
446,Gandhinagar,24,24-446,,http://www.wikidata.org/entity/Q1772860,,,
447,Jamnagar,24,24-447,,http://www.wikidata.org/entity/Q2982118,,,
448,Junagadh,24,24-448,,http://www.wikidata.org/entity/Q1797344,,,
449,Kutch,24,24-449,,http://www.wikidata.org/entity/Q1063417,,,
450,Kheda,24,24-450,,http://www.wikidata.org/entity/Q1755463,,,
451,Mehsana,24,24-451,,http://www.wikidata.org/entity/Q2019694,,,
452,Narmada,24,24-452,,http://www.wikidata.org/entity/Q1797230,,,
453,Navsari,24,24-453,,http://www.wikidata.org/entity/Q1797349,,,
454,Panchmahal,24,24-454,,http://www.wikidata.org/entity/Q1781463,,,
455,Patan,24,24-455,,http://www.wikidata.org/entity/Q1815269,,,
456,Porbandar,24,24-456,,http://www.wikidata.org/entity/Q1772815,,,
457,Rajkot,24,24-457,,http://www.wikidata.org/entity/Q1815245,,,
458,Sabarkantha,24,24-458,,http://www.wikidata.org/entity/Q1772856,,,
459,Surat,24,24-459,,http://www.wikidata.org/entity/Q1797317,,,
460,Surendranagar,24,24-460,,http://www.wikidata.org/entity/Q237535,,,
461,Vadodara,24,24-461,,http://www.wikidata.org/entity/Q578285,,,
462,Valsad,24,24-462,,http://www.wikidata.org/entity/Q1946743,,,
641,Tapi,24,24-641,,http://www.wikidata.org/entity/Q670165,,,
668,Chhota Udaipur,24,24-668,,http://www.wikidata.org/entity/Q5979243,,,
669,Mahisagar,24,24-669,,http://www.wikidata.org/entity/Q5706885,,,
672,Aravalli,24,24-672,,http://www.wikidata.org/entity/Q12175285,,,
673,Morbi,24,24-673,,http://www.wikidata.org/entity/Q5979727,,,
674,Devbhumi Dwarka,24,24-674,,http://www.wikidata.org/entity/Q14594717,,,
675,Gir Somnath,24,24-675,,http://www.wikidata.org/entity/Q15244465,,,
676,Botad,24,24-676,,http://www.wikidata.org/entity/Q14505072,,,
789,Vav-Tharad,24,24-789,,http://www.wikidata.org/entity/Q131621560,,,
466,Ahilyanagar,27,27-466,,http://www.wikidata.org/entity/Q401744,,,
467,Akola,27,27-467,,http://www.wikidata.org/entity/Q520510,,,
468,Amravati,27,27-468,,http://www.wikidata.org/entity/Q1771774,,,
469,Aurangabad,27,27-469,,http://www.wikidata.org/entity/Q592942,,,
470,Beed,27,27-470,,http://www.wikidata.org/entity/Q814037,,,
471,Bhandara,27,27-471,,http://www.wikidata.org/entity/Q1813857,,,
472,Buldhana,27,27-472,,http://www.wikidata.org/entity/Q47929,,,
473,Chandrapur,27,27-473,,http://www.wikidata.org/entity/Q1797274,,,
474,Dhule,27,27-474,,http://www.wikidata.org/entity/Q1797383,,,
475,Gadchiroli,27,27-475,,http://www.wikidata.org/entity/Q1804847,,,
476,Gondia,27,27-476,,http://www.wikidata.org/entity/Q1917227,,,
477,Hingoli,27,27-477,,http://www.wikidata.org/entity/Q2087615,,,
478,Jalgaon,27,27-478,,http://www.wikidata.org/entity/Q1797291,,,
479,Jalna,27,27-479,,http://www.wikidata.org/entity/Q1804863,,,
480,Kolhapur,27,27-480,,http://www.wikidata.org/entity/Q1797312,,,
481,Latur,27,27-481,,http://www.wikidata.org/entity/Q1948713,,,
482,Mumbai City,27,27-482,,http://www.wikidata.org/entity/Q2341660,,,
483,Mumbai Suburban,27,27-483,,http://www.wikidata.org/entity/Q2085374,,,
484,Nagpur,27,27-484,,http://www.wikidata.org/entity/Q1797367,,,
485,Nanded,27,27-485,,http://www.wikidata.org/entity/Q692389,,,
486,Nandurbar,27,27-486,,http://www.wikidata.org/entity/Q1623525,,,
487,Nashik,27,27-487,,http://www.wikidata.org/entity/Q1797269,,,
488,Dharashiv,27,27-488,,http://www.wikidata.org/entity/Q1647186,,,
489,Parbhani,27,27-489,,http://www.wikidata.org/entity/Q1797389,,,
490,Pune,27,27-490,,http://www.wikidata.org/entity/Q1797336,,,
491,Raigad,27,27-491,,http://www.wikidata.org/entity/Q2019683,,,
492,Ratnagiri,27,27-492,,http://www.wikidata.org/entity/Q1771768,,,
493,Sangli,27,27-493,,http://www.wikidata.org/entity/Q1425060,,,
494,Satara,27,27-494,,http://www.wikidata.org/entity/Q1135612,,,
495,Sindhudurg,27,27-495,,http://www.wikidata.org/entity/Q768332,,,
496,Solapur,27,27-496,,http://www.wikidata.org/entity/Q1797263,,,
497,Thane,27,27-497,,http://www.wikidata.org/entity/Q943099,,,
498,Wardha,27,27-498,,http://www.wikidata.org/entity/Q980608,,,
499,Washim,27,27-499,,http://www.wikidata.org/entity/Q1804858,,,
500,Yavatmal,27,27-500,,http://www.wikidata.org/entity/Q1804852,,,
665,Palghar,27,27-665,,http://www.wikidata.org/entity/Q18003119,,,
502,Anantapuramu,28,28-502,,http://www.wikidata.org/entity/Q15212,,,
503,Chittoor,28,28-503,,http://www.wikidata.org/entity/Q15213,,,
504,YSR  Kadapa,28,28-504,,http://www.wikidata.org/entity/Q15342,,,
505,East Godavari,28,28-505,,http://www.wikidata.org/entity/Q15338,,,
506,Guntur,28,28-506,,http://www.wikidata.org/entity/Q15341,,,
510,Krishna,28,28-510,,http://www.wikidata.org/entity/Q15382,,,
511,Kurnool,28,28-511,,http://www.wikidata.org/entity/Q15381,,,
515,Sri Potti Sri Ramulu Nellore,28,28-515,,http://www.wikidata.org/entity/Q15383,,,
517,Prakasam,28,28-517,,http://www.wikidata.org/entity/Q15390,,,
519,Srikakulam,28,28-519,,http://www.wikidata.org/entity/Q15395,,,
520,Visakhapatnam,28,28-520,,http://www.wikidata.org/entity/Q15394,,,
521,Vizianagaram,28,28-521,,http://www.wikidata.org/entity/Q15392,,,
523,West Godavari,28,28-523,,http://www.wikidata.org/entity/Q15404,,,
743,Parvathipuram Manyam,28,28-743,,http://www.wikidata.org/entity/Q110714856,,,
744,Anakapalli,28,28-744,,http://www.wikidata.org/entity/Q110714857,,,
745,Alluri Sitharama Raju,28,28-745,,http://www.wikidata.org/entity/Q110714850,,,
746,Kakinada,28,28-746,,http://www.wikidata.org/entity/Q110714860,,,
747,Dr. B.R. Ambedkar Konaseema,28,28-747,,http://www.wikidata.org/entity/Q110714859,,,
748,Eluru,28,28-748,,http://www.wikidata.org/entity/Q110714851,,,
749,NTR,28,28-749,,http://www.wikidata.org/entity/Q110876763,,,
750,Bapatla,28,28-750,,http://www.wikidata.org/entity/Q110876712,,,
751,Palnadu,28,28-751,,http://www.wikidata.org/entity/Q110714862,,,
752,Tirupati,28,28-752,,http://www.wikidata.org/entity/Q110714853,,,
753,Annamayya,28,28-753,,http://www.wikidata.org/entity/Q110714854,,,
754,Sri Sathya Sai,28,28-754,,http://www.wikidata.org/entity/Q110714863,,,
755,Nandyal,28,28-755,,http://www.wikidata.org/entity/Q110714861,,,
524,Bagalkot,29,29-524,,http://www.wikidata.org/entity/Q1910231,,,
525,Bengaluru Urban,29,29-525,,http://www.wikidata.org/entity/Q806463,,,
526,Bengaluru North,29,29-526,,http://www.wikidata.org/entity/Q806464,,,
527,Belagavi,29,29-527,,http://www.wikidata.org/entity/Q815464,,,
528,Ballari,29,29-528,,http://www.wikidata.org/entity/Q1791926,,,
529,Bidar,29,29-529,,http://www.wikidata.org/entity/Q1790568,,,
530,Vijaypura,29,29-530,,http://www.wikidata.org/entity/Q83108,,,
531,Chamarajanagar,29,29-531,,http://www.wikidata.org/entity/Q862912,,,
532,Chikmagalur,29,29-532,,http://www.wikidata.org/entity/Q743077,,,
533,Chitradurga,29,29-533,,http://www.wikidata.org/entity/Q165264,,,
534,Dakshina Kannada,29,29-534,,http://www.wikidata.org/entity/Q950571,,,
535,Davanagere,29,29-535,,http://www.wikidata.org/entity/Q1863214,,,
536,Dharwad,29,29-536,,http://www.wikidata.org/entity/Q1790904,,,
537,Gadag,29,29-537,,http://www.wikidata.org/entity/Q2353931,,,
538,Kalaburgi,29,29-538,,http://www.wikidata.org/entity/Q2641873,,,
539,Hassan,29,29-539,,http://www.wikidata.org/entity/Q956732,,,
540,Haveri,29,29-540,,http://www.wikidata.org/entity/Q765481,,,
541,Kodagu,29,29-541,,http://www.wikidata.org/entity/Q1553185,,,
542,Kolar,29,29-542,,http://www.wikidata.org/entity/Q2509866,,,
543,Koppal,29,29-543,,http://www.wikidata.org/entity/Q956387,,,
544,Mandya,29,29-544,,http://www.wikidata.org/entity/Q2768290,,,
545,Mysuru,29,29-545,,http://www.wikidata.org/entity/Q591781,,,
546,Raichur,29,29-546,,http://www.wikidata.org/entity/Q1430830,,,
547,Shimoga,29,29-547,,http://www.wikidata.org/entity/Q2981389,,,
548,Tumkur,29,29-548,,http://www.wikidata.org/entity/Q1301635,,,
549,Udupi,29,29-549,,http://www.wikidata.org/entity/Q1483337,,,
550,Uttara Kannada,29,29-550,,http://www.wikidata.org/entity/Q579205,,,
630,Chikkaballapura,29,29-630,,http://www.wikidata.org/entity/Q1072629,,,
631,Bengaluru South,29,29-631,,http://www.wikidata.org/entity/Q427679,,,
635,Yadgir,29,29-635,,http://www.wikidata.org/entity/Q1786949,,,
738,Vijayanagara,29,29-738,,http://www.wikidata.org/entity/Q104876850,,,
27,Amritsar,3,3-27,,http://www.wikidata.org/entity/Q202822,,,
28,Bathinda,3,3-28,,http://www.wikidata.org/entity/Q172488,,,
29,Faridkot,3,3-29,,http://www.wikidata.org/entity/Q172494,,,
30,Fatehgarh Sahib,3,3-30,,http://www.wikidata.org/entity/Q172485,,,
31,Firozpur,3,3-31,,http://www.wikidata.org/entity/Q172385,,,
32,Gurdaspur,3,3-32,,http://www.wikidata.org/entity/Q146708,,,
33,Hoshiarpur,3,3-33,,http://www.wikidata.org/entity/Q304800,,,
34,Jalandhar,3,3-34,,http://www.wikidata.org/entity/Q1817425,,,
35,Kapurthala,3,3-35,,http://www.wikidata.org/entity/Q172363,,,
36,Ludhiana,3,3-36,,http://www.wikidata.org/entity/Q172482,,,
37,Mansa,3,3-37,,http://www.wikidata.org/entity/Q172387,,,
38,Moga,3,3-38,,http://www.wikidata.org/entity/Q1946896,,,
39,Sri Muktsar Sahib,3,3-39,,http://www.wikidata.org/entity/Q1947359,,,
40,Shaheed Bhagat Singh Nagar,3,3-40,,http://www.wikidata.org/entity/Q202710,,,
41,Patiala,3,3-41,,http://www.wikidata.org/entity/Q172391,,,
42,Rupnagar,3,3-42,,http://www.wikidata.org/entity/Q196508,,,
43,Sangrur,3,3-43,,http://www.wikidata.org/entity/Q1945515,,,
605,Barnala,3,3-605,,http://www.wikidata.org/entity/Q2353293,,,
608,Sahibzada Ajit Singh Nagar,3,3-608,,http://www.wikidata.org/entity/Q2037672,,,
609,Tarn Taran,3,3-609,,http://www.wikidata.org/entity/Q2298993,,,
651,Fazilka,3,3-651,,http://www.wikidata.org/entity/Q188702,,,
662,Pathankot,3,3-662,,http://www.wikidata.org/entity/Q172269,,,
737,Malerkotla,3,3-737,,http://www.wikidata.org/entity/Q107016021,,,
551,North Goa,30,30-551,,http://www.wikidata.org/entity/Q108234,,,
552,South Goa,30,30-552,,http://www.wikidata.org/entity/Q108244,,,
553,Lakshadweep,31,31-553,,http://www.wikidata.org/entity/Q10784153,,,
554,Alappuzha,32,32-554,,http://www.wikidata.org/entity/Q928959,,,
555,Ernakulam,32,32-555,,http://www.wikidata.org/entity/Q1356097,,,
556,Idukki,32,32-556,,http://www.wikidata.org/entity/Q301821,,,
557,Kannur,32,32-557,,http://www.wikidata.org/entity/Q2980652,,,
558,Kasaragod,32,32-558,,http://www.wikidata.org/entity/Q1419703,,,
559,Kollam,32,32-559,,http://www.wikidata.org/entity/Q1356124,,,
560,Kottayam,32,32-560,,http://www.wikidata.org/entity/Q1353354,,,
561,Kozhikode,32,32-561,,http://www.wikidata.org/entity/Q1142979,,,
562,Malappuram,32,32-562,,http://www.wikidata.org/entity/Q1030918,,,
563,Palakkad,32,32-563,,http://www.wikidata.org/entity/Q1535742,,,
564,Pathanamthitta,32,32-564,,http://www.wikidata.org/entity/Q634935,,,
565,Thiruvananthapuram,32,32-565,,http://www.wikidata.org/entity/Q162612,,,
566,Thrissur,32,32-566,,http://www.wikidata.org/entity/Q2429655,,,
567,Wayanad,32,32-567,,http://www.wikidata.org/entity/Q1364427,,,
568,Chennai,33,33-568,,http://www.wikidata.org/entity/Q15116,,,
569,Coimbatore,33,33-569,,http://www.wikidata.org/entity/Q15136,,,
570,Cuddalore,33,33-570,,http://www.wikidata.org/entity/Q15150,,,
571,Dharmapuri,33,33-571,,http://www.wikidata.org/entity/Q15152,,,
572,Dindigul,33,33-572,,http://www.wikidata.org/entity/Q15154,,,
573,Erode,33,33-573,,http://www.wikidata.org/entity/Q15155,,,
574,Kanchipuram,33,33-574,,http://www.wikidata.org/entity/Q15157,,,
575,Kanniyakumari,33,33-575,,http://www.wikidata.org/entity/Q15158,,,
576,Karur,33,33-576,,http://www.wikidata.org/entity/Q15182,,,
577,Krishnagiri,33,33-577,,http://www.wikidata.org/entity/Q15183,,,
578,Madurai,33,33-578,,http://www.wikidata.org/entity/Q15184,,,
579,Nagapattinam,33,33-579,,http://www.wikidata.org/entity/Q15185,,,
580,Namakkal,33,33-580,,http://www.wikidata.org/entity/Q15187,,,
581,Perambalur,33,33-581,,http://www.wikidata.org/entity/Q15186,,,
582,Pudukkottai,33,33-582,,http://www.wikidata.org/entity/Q15190,,,
583,Ramanathapuram,33,33-583,,http://www.wikidata.org/entity/Q15191,,,
584,Salem,33,33-584,,http://www.wikidata.org/entity/Q15192,,,
585,Sivaganga,33,33-585,,http://www.wikidata.org/entity/Q15195,,,
586,Thanjavur,33,33-586,,http://www.wikidata.org/entity/Q15194,,,
587,Nilgiris,33,33-587,,http://www.wikidata.org/entity/Q15188,,,
588,Theni,33,33-588,,http://www.wikidata.org/entity/Q15196,,,
589,Tiruvallur,33,33-589,,http://www.wikidata.org/entity/Q15204,,,
590,Tiruvarur,33,33-590,,http://www.wikidata.org/entity/Q15197,,,
591,Tiruchirappalli,33,33-591,,http://www.wikidata.org/entity/Q15201,,,
592,Tirunelveli,33,33-592,,http://www.wikidata.org/entity/Q15200,,,
593,Tiruvannamalai,33,33-593,,http://www.wikidata.org/entity/Q15207,,,
594,Thoothukudi,33,33-594,,http://www.wikidata.org/entity/Q15198,,,
595,Vellore,33,33-595,,http://www.wikidata.org/entity/Q15206,,,
596,Viluppuram,33,33-596,,http://www.wikidata.org/entity/Q15205,,,
597,Virudhunagar,33,33-597,,http://www.wikidata.org/entity/Q15209,,,
610,Ariyalur,33,33-610,,http://www.wikidata.org/entity/Q15112,,,
634,Tiruppur,33,33-634,,http://www.wikidata.org/entity/Q15202,,,
729,Kallakurichi,33,33-729,,http://www.wikidata.org/entity/Q60493360,,,
730,Chengalpattu,33,33-730,,http://www.wikidata.org/entity/Q65976177,,,
731,Ranipet,33,33-731,,http://www.wikidata.org/entity/Q66659623,,,
732,Tirupattur,33,33-732,,http://www.wikidata.org/entity/Q66659621,,,
733,Tenkasi,33,33-733,,http://www.wikidata.org/entity/Q75094121,,,
735,Mayiladuthurai,33,33-735,,http://www.wikidata.org/entity/Q89918869,,,
598,Karaikal,34,34-598,,http://www.wikidata.org/entity/Q639264,,,
600,Puducherry,34,34-600,,http://www.wikidata.org/entity/Q984035,,,
602,South Andaman,35,35-602,,http://www.wikidata.org/entity/Q796979,,,
603,Nicobar,35,35-603,,http://www.wikidata.org/entity/Q797295,,,
632,North and Middle Andaman,35,35-632,,http://www.wikidata.org/entity/Q796983,,,
501,Adilabad,36,36-501,,http://www.wikidata.org/entity/Q15211,,,
507,Hyderabad,36,36-507,,http://www.wikidata.org/entity/Q15340,,,
508,Karimnagar,36,36-508,,http://www.wikidata.org/entity/Q15373,,,
509,Khammam,36,36-509,,http://www.wikidata.org/entity/Q15371,,,
512,Mahabubnagar,36,36-512,,http://www.wikidata.org/entity/Q15380,,,
513,Medak,36,36-513,,http://www.wikidata.org/entity/Q15386,,,
514,Nalgonda,36,36-514,,http://www.wikidata.org/entity/Q15384,,,
516,Nizamabad,36,36-516,,http://www.wikidata.org/entity/Q15391,,,
518,Ranga Reddy,36,36-518,,http://www.wikidata.org/entity/Q15388,,,
522,Warangal,36,36-522,,http://www.wikidata.org/entity/Q15399,,,
680,Nirmal,36,36-680,,http://www.wikidata.org/entity/Q28169750,,,
681,Jagtial,36,36-681,,http://www.wikidata.org/entity/Q28169780,,,
682,Peddapalli,36,36-682,,http://www.wikidata.org/entity/Q27614797,,,
683,Rajanna Sircilla,36,36-683,,http://www.wikidata.org/entity/Q28172781,,,
684,Mancherial,36,36-684,,http://www.wikidata.org/entity/Q28169747,,,
685,Kamareddy,36,36-685,,http://www.wikidata.org/entity/Q27956125,,,
686,Hanamkonda,36,36-686,,http://www.wikidata.org/entity/Q213077,,,
687,Jayashankar Bhupalpally,36,36-687,,http://www.wikidata.org/entity/Q28169775,,,
688,Mahabubabad,36,36-688,,http://www.wikidata.org/entity/Q28169761,,,
689,Jangaon,36,36-689,,http://www.wikidata.org/entity/Q28170170,,,
690,Bhadradri Kothagudem,36,36-690,,http://www.wikidata.org/entity/Q28169767,,,
691,Sangareddy,36,36-691,,http://www.wikidata.org/entity/Q28169753,,,
692,Siddipet,36,36-692,,http://www.wikidata.org/entity/Q28169756,,,
693,Wanaparthy,36,36-693,,http://www.wikidata.org/entity/Q28172504,,,
694,Nagarkurnool,36,36-694,,http://www.wikidata.org/entity/Q28169773,,,
695,Jogulamba Gadwal,36,36-695,,http://www.wikidata.org/entity/Q27897618,,,
696,Suryapet,36,36-696,,http://www.wikidata.org/entity/Q28169770,,,
697,Yadadri Bhuvanagiri,36,36-697,,http://www.wikidata.org/entity/Q28169764,,,
698,Vikarabad,36,36-698,,http://www.wikidata.org/entity/Q28170173,,,
699,Kumaram Bheem Asifabad,36,36-699,,http://www.wikidata.org/entity/Q28170184,,,
700,Medchal-Malkajgiri,36,36-700,,http://www.wikidata.org/entity/Q27614841,,,
720,Mulugu,36,36-720,,http://www.wikidata.org/entity/Q61746006,,,
721,Narayanpet,36,36-721,,http://www.wikidata.org/entity/Q61746013,,,
6,Kargil,37,37-6,,http://www.wikidata.org/entity/Q1650798,,,
9,Leh,37,37-9,,http://www.wikidata.org/entity/Q1921210,,,
463,Daman,38,38-463,,http://www.wikidata.org/entity/Q1158197,,,
464,Diu,38,38-464,,http://www.wikidata.org/entity/Q2552347,,,
465,Dadra and Nagar Haveli,38,38-465,,http://www.wikidata.org/entity/Q46107,,,
44,Chandigarh,4,4-44,,http://www.wikidata.org/entity/Q5071071,,,
45,Almora,5,5-45,,http://www.wikidata.org/entity/Q1805066,,,
46,Bageshwar,5,5-46,,http://www.wikidata.org/entity/Q1815313,,,
47,Chamoli,5,5-47,,http://www.wikidata.org/entity/Q1797372,,,
48,Champawat,5,5-48,,http://www.wikidata.org/entity/Q288278,,,
49,Dehradun,5,5-49,,http://www.wikidata.org/entity/Q1815740,,,
50,Haridwar,5,5-50,,http://www.wikidata.org/entity/Q2270438,,,
51,Nainital,5,5-51,,http://www.wikidata.org/entity/Q1797306,,,
52,Pauri Garhwal,5,5-52,,http://www.wikidata.org/entity/Q2085474,,,
53,Pithoragarh,5,5-53,,http://www.wikidata.org/entity/Q1945425,,,
54,Rudraprayag,5,5-54,,http://www.wikidata.org/entity/Q1805059,,,
55,Tehri Garhwal,5,5-55,,http://www.wikidata.org/entity/Q1357107,,,
56,Udham Singh Nagar,5,5-56,,http://www.wikidata.org/entity/Q1805082,,,
57,Uttarkashi,5,5-57,,http://www.wikidata.org/entity/Q1773437,,,
58,Ambala,6,6-58,,http://www.wikidata.org/entity/Q2086226,,,
59,Bhiwani,6,6-59,,http://www.wikidata.org/entity/Q1852857,,,
60,Faridabad,6,6-60,,http://www.wikidata.org/entity/Q2086173,,,
61,Fatehabad,6,6-61,,http://www.wikidata.org/entity/Q2301753,,,
62,Gurugram,6,6-62,,http://www.wikidata.org/entity/Q1815766,,,
63,Hisar,6,6-63,,http://www.wikidata.org/entity/Q1815773,,,
64,Jhajjar,6,6-64,,http://www.wikidata.org/entity/Q1948260,,,
65,Jind,6,6-65,,http://www.wikidata.org/entity/Q268605,,,
66,Kaithal,6,6-66,,http://www.wikidata.org/entity/Q614037,,,
67,Karnal,6,6-67,,http://www.wikidata.org/entity/Q607915,,,
68,Kurukshetra,6,6-68,,http://www.wikidata.org/entity/Q980118,,,
69,Mahendragarh,6,6-69,,http://www.wikidata.org/entity/Q684019,,,
70,Panchkula,6,6-70,,http://www.wikidata.org/entity/Q1898143,,,
71,Panipat,6,6-71,,http://www.wikidata.org/entity/Q2086163,,,
72,Rewari,6,6-72,,http://www.wikidata.org/entity/Q2301759,,,
73,Rohtak,6,6-73,,http://www.wikidata.org/entity/Q967388,,,
74,Sirsa,6,6-74,,http://www.wikidata.org/entity/Q526101,,,
75,Sonipat,6,6-75,,http://www.wikidata.org/entity/Q2241746,,,
76,Yamunanagar,6,6-76,,http://www.wikidata.org/entity/Q1873644,,,
604,Nuh,6,6-604,,http://www.wikidata.org/entity/Q2216696,,,
619,Palwal,6,6-619,,http://www.wikidata.org/entity/Q2724926,,,
701,Charkhi Dadri,6,6-701,,http://www.wikidata.org/entity/Q28172110,,,
77,Central Delhi,7,7-77,,http://www.wikidata.org/entity/Q107941,,,
78,East Delhi,7,7-78,,http://www.wikidata.org/entity/Q107960,,,
79,New Delhi,7,7-79,,http://www.wikidata.org/entity/Q8560886,,,
80,North Delhi,7,7-80,,http://www.wikidata.org/entity/Q693367,,,
81,North East Delhi,7,7-81,,http://www.wikidata.org/entity/Q429329,,,
82,North West Delhi,7,7-82,,http://www.wikidata.org/entity/Q766125,,,
83,South Delhi,7,7-83,,http://www.wikidata.org/entity/Q2061938,,,
84,South West Delhi,7,7-84,,http://www.wikidata.org/entity/Q2379189,,,
85,West Delhi,7,7-85,,http://www.wikidata.org/entity/Q549807,,,
670,South East Delhi,7,7-670,,http://www.wikidata.org/entity/Q25553535,,,
671,Shahdara,7,7-671,,http://www.wikidata.org/entity/Q83486,,,
794,Outer North Delhi,7,7-794,,http://www.wikidata.org/entity/Q140805546,,,
795,Old Delhi,7,7-795,,http://www.wikidata.org/entity/Q140721912,,,
796,Central North Delhi,7,7-796,,http://www.wikidata.org/entity/Q140804026,,,
86,Ajmer,8,8-86,,http://www.wikidata.org/entity/Q413037,,,
87,Alwar,8,8-87,,http://www.wikidata.org/entity/Q449690,,,
88,Banswara,8,8-88,,http://www.wikidata.org/entity/Q806969,,,
89,Baran,8,8-89,,http://www.wikidata.org/entity/Q2329717,,,
90,Barmer,8,8-90,,http://www.wikidata.org/entity/Q42016,,,
91,Bharatpur,8,8-91,,http://www.wikidata.org/entity/Q854861,,,
92,Bhilwara,8,8-92,,http://www.wikidata.org/entity/Q41991,,,
93,Bikaner,8,8-93,,http://www.wikidata.org/entity/Q778996,,,
94,Bundi,8,8-94,,http://www.wikidata.org/entity/Q670405,,,
95,Chittorgarh,8,8-95,,http://www.wikidata.org/entity/Q1075011,,,
96,Churu,8,8-96,,http://www.wikidata.org/entity/Q1090006,,,
97,Dausa,8,8-97,,http://www.wikidata.org/entity/Q1173042,,,
98,Dholpur,8,8-98,,http://www.wikidata.org/entity/Q1207709,,,
99,Dungarpur,8,8-99,,http://www.wikidata.org/entity/Q1265687,,,
100,Sri Ganganagar,8,8-100,,http://www.wikidata.org/entity/Q1419696,,,
101,Hanumangarh,8,8-101,,http://www.wikidata.org/entity/Q1356112,,,
102,Jaipur,8,8-102,,http://www.wikidata.org/entity/Q1134781,,,
103,Jaisalmer,8,8-103,,http://www.wikidata.org/entity/Q1419708,,,
104,kishangarh sub division.Ajmer,8,8-104,,http://www.wikidata.org/entity/Q1460832,,,
105,Jhalawar,8,8-105,,http://www.wikidata.org/entity/Q1471417,,,
106,Jhunjhunu,8,8-106,,http://www.wikidata.org/entity/Q1471427,,,
107,Jodhpur,8,8-107,,http://www.wikidata.org/entity/Q1434965,,,
108,Karauli,8,8-108,,http://www.wikidata.org/entity/Q1419668,,,
109,Kota,8,8-109,,http://www.wikidata.org/entity/Q999432,,,
110,Nagaur,8,8-110,,http://www.wikidata.org/entity/Q1507174,,,
111,Pali,8,8-111,,http://www.wikidata.org/entity/Q46925,,,
112,Rajsamand,8,8-112,,http://www.wikidata.org/entity/Q596693,,,
113,Sawai Madhopur,8,8-113,,http://www.wikidata.org/entity/Q1507166,,,
114,Sikar,8,8-114,,http://www.wikidata.org/entity/Q12945777,,,
115,Sirohi,8,8-115,,http://www.wikidata.org/entity/Q205719,,,
116,Tonk,8,8-116,,http://www.wikidata.org/entity/Q915880,,,
117,Udaipur,8,8-117,,http://www.wikidata.org/entity/Q1321577,,,
629,Pratapgarh,8,8-629,,http://www.wikidata.org/entity/Q1585433,,,
767,Deeg,8,8-767,,http://www.wikidata.org/entity/Q122766908,,,
768,Didwana-Kuchaman,8,8-768,,http://www.wikidata.org/entity/Q122971176,,,
769,Dudu,8,8-769,,http://www.wikidata.org/entity/Q122971166,,,
770,Khairthal-Tijara,8,8-770,,http://www.wikidata.org/entity/Q122971175,,,
771,Gangapur City,8,8-771,,http://www.wikidata.org/entity/Q121607665,,,
772,Phalodi,8,8-772,,http://www.wikidata.org/entity/Q122971167,,,
773,Neem Ka Thana,8,8-773,,http://www.wikidata.org/entity/Q122212229,,,
774,Beawar,8,8-774,,http://www.wikidata.org/entity/Q122971174,,,
775,Balotra,8,8-775,,http://www.wikidata.org/entity/Q121335556,,,
776,Anupgarh,8,8-776,,http://www.wikidata.org/entity/Q117230972,,,
777,Salumbar,8,8-777,,http://www.wikidata.org/entity/Q122971173,,,
778,Jodhpur Gramin,8,8-778,,http://www.wikidata.org/entity/Q122971177,,,
779,Sanchore,8,8-779,,http://www.wikidata.org/entity/Q122276059,,,
781,Kekri,8,8-781,,http://www.wikidata.org/entity/Q122971178,,,
782,Kotputli-Behror,8,8-782,,http://www.wikidata.org/entity/Q117313512,,,
118,Agra,9,9-118,,http://www.wikidata.org/entity/Q606343,,,
119,Aligarh,9,9-119,,http://www.wikidata.org/entity/Q766918,,,
120,Prayagraj,9,9-120,,http://www.wikidata.org/entity/Q1773426,,,
121,Ambedkar Nagar,9,9-121,,http://www.wikidata.org/entity/Q456764,,,
122,Auraiya,9,9-122,,http://www.wikidata.org/entity/Q1812533,,,
123,Azamgarh,9,9-123,,http://www.wikidata.org/entity/Q793553,,,
124,Bagpat,9,9-124,,http://www.wikidata.org/entity/Q1797363,,,
125,Bahraich,9,9-125,,http://www.wikidata.org/entity/Q1812548,,,
126,Ballia,9,9-126,,http://www.wikidata.org/entity/Q584644,,,
127,Balrampur,9,9-127,,http://www.wikidata.org/entity/Q1948380,,,
128,Banda,9,9-128,,http://www.wikidata.org/entity/Q2131759,,,
129,Barabanki,9,9-129,,http://www.wikidata.org/entity/Q633114,,,
130,Bareilly,9,9-130,,http://www.wikidata.org/entity/Q1797378,,,
131,Basti,9,9-131,,http://www.wikidata.org/entity/Q715267,,,
132,Bijnor,9,9-132,,http://www.wikidata.org/entity/Q1937865,,,
133,Budaun,9,9-133,,http://www.wikidata.org/entity/Q1815262,,,
134,Bulandshahr,9,9-134,,http://www.wikidata.org/entity/Q1752328,,,
135,Chandauli,9,9-135,,http://www.wikidata.org/entity/Q2733369,,,
136,Chitrakoot,9,9-136,,http://www.wikidata.org/entity/Q2089141,,,
137,Deoria,9,9-137,,http://www.wikidata.org/entity/Q731746,,,
138,Etah,9,9-138,,http://www.wikidata.org/entity/Q1773429,,,
139,Etawah,9,9-139,,http://www.wikidata.org/entity/Q1815288,,,
140,Ayodhya,9,9-140,,http://www.wikidata.org/entity/Q1814132,,,
141,Farrukhabad,9,9-141,,http://www.wikidata.org/entity/Q1897251,,,
142,Fatehpur,9,9-142,,http://www.wikidata.org/entity/Q1946829,,,
143,Firozabad,9,9-143,,http://www.wikidata.org/entity/Q1946950,,,
144,Gautam Buddh Nagar,9,9-144,,http://www.wikidata.org/entity/Q1785950,,,
145,Ghaziabad,9,9-145,,http://www.wikidata.org/entity/Q1773444,,,
146,Ghazipur,9,9-146,,http://www.wikidata.org/entity/Q1287993,,,
147,Gonda,9,9-147,,http://www.wikidata.org/entity/Q1937857,,,
148,Gorakhpur,9,9-148,,http://www.wikidata.org/entity/Q1144349,,,
149,Hamirpur,9,9-149,,http://www.wikidata.org/entity/Q2019757,,,
150,Hardoi,9,9-150,,http://www.wikidata.org/entity/Q1772822,,,
151,Jalaun,9,9-151,,http://www.wikidata.org/entity/Q2089115,,,
152,Jaunpur,9,9-152,,http://www.wikidata.org/entity/Q1356060,,,
153,Jhansi,9,9-153,,http://www.wikidata.org/entity/Q1937885,,,
154,Amroha,9,9-154,,http://www.wikidata.org/entity/Q1891677,,,
155,Kannauj,9,9-155,,http://www.wikidata.org/entity/Q627979,,,
156,Kanpur Dehat,9,9-156,,http://www.wikidata.org/entity/Q610612,,,
157,Kanpur Nagar,9,9-157,,http://www.wikidata.org/entity/Q2089152,,,
158,Kaushambi,9,9-158,,http://www.wikidata.org/entity/Q1946937,,,
159,Lakhimpur Kheri,9,9-159,,http://www.wikidata.org/entity/Q1755447,,,
160,Kushinagar,9,9-160,,http://www.wikidata.org/entity/Q1840355,,,
161,Lalitpur,9,9-161,,http://www.wikidata.org/entity/Q1947336,,,
162,Lucknow,9,9-162,,http://www.wikidata.org/entity/Q1773416,,,
163,Hathras,9,9-163,,http://www.wikidata.org/entity/Q1814892,,,
164,Maharajganj,9,9-164,,http://www.wikidata.org/entity/Q1356139,,,
165,Mahoba,9,9-165,,http://www.wikidata.org/entity/Q1815322,,,
166,Mainpuri,9,9-166,,http://www.wikidata.org/entity/Q1816657,,,
167,Mathura,9,9-167,,http://www.wikidata.org/entity/Q1773422,,,
168,Mau,9,9-168,,http://www.wikidata.org/entity/Q1518847,,,
169,Meerut,9,9-169,,http://www.wikidata.org/entity/Q1764627,,,
170,Mirzapur,9,9-170,,http://www.wikidata.org/entity/Q1143894,,,
171,Moradabad,9,9-171,,http://www.wikidata.org/entity/Q1345006,,,
172,Muzaffarnagar,9,9-172,,http://www.wikidata.org/entity/Q2365710,,,
173,Pilibhit,9,9-173,,http://www.wikidata.org/entity/Q2980705,,,
174,Pratapgarh,9,9-174,,http://www.wikidata.org/entity/Q1473962,,,
175,Raebareli,9,9-175,,http://www.wikidata.org/entity/Q1321157,,,
176,Rampur,9,9-176,,http://www.wikidata.org/entity/Q1815331,,,
177,Saharanpur,9,9-177,,http://www.wikidata.org/entity/Q1797326,,,
178,Sant Kabir Nagar,9,9-178,,http://www.wikidata.org/entity/Q1945445,,,
179,Bhadohi,9,9-179,,http://www.wikidata.org/entity/Q127533,,,
180,Shahjahanpur,9,9-180,,http://www.wikidata.org/entity/Q1812557,,,
181,Shravasti,9,9-181,,http://www.wikidata.org/entity/Q1945458,,,
182,Siddharthnagar,9,9-182,,http://www.wikidata.org/entity/Q1815339,,,
183,Sitapur,9,9-183,,http://www.wikidata.org/entity/Q1812539,,,
184,Sonbhadra,9,9-184,,http://www.wikidata.org/entity/Q607798,,,
185,Sultanpur,9,9-185,,http://www.wikidata.org/entity/Q1356154,,,
186,Unnao,9,9-186,,http://www.wikidata.org/entity/Q1937875,,,
187,Varanasi,9,9-187,,http://www.wikidata.org/entity/Q1321140,,,
633,Kasganj,9,9-633,,http://www.wikidata.org/entity/Q890800,,,
640,Amethi,9,9-640,,http://www.wikidata.org/entity/Q1071494,,,
659,Sambhal,9,9-659,,http://www.wikidata.org/entity/Q3000436,,,
660,Shamli,9,9-660,,http://www.wikidata.org/entity/Q2999938,,,
661,Hapur,9,9-661,,http://www.wikidata.org/entity/Q5653340,,,
